[
  {
    "id": "1756809571206",
    "nome": "Iphone 15",
    "preco": 4099,
    "descricao": "Na caixa do iPhone 15 vem o próprio aparelho, um cabo USB-C para USB-C para recarga rápida, o alfinete para ejetar o cartão SIM e a documentação básica e adesivos da Apple. A caixa não inclui um adaptador de energia (carregador) ou EarPods, pois a Apple removeu esses itens para reduzir seu impacto ambiental e incentivar o uso de dispositivos já existentes.",
    "categoria": "Eletrônicos",
    "imagem": "https://cdn.awsli.com.br/600x700/1861/1861669/produto/239401000/iphone-15-apple-128gb--tela-de-6-1--c-mera-dupla-de-48mp-azul--2--hlbdtolj6x.jpg",
    "createdAt": "2025-09-02T10:39:31.206Z",
    "updatedAt": "2025-09-02T16:35:26.340Z"
  },
  {
    "id": "1756823992744",
    "nome": "Iphone 16",
    "preco": 8599,
    "descricao": "O iPhone 16 foi projetado para a Apple Intelligence, o sistema de inteligência pessoal que ajuda você a escrever, se expressar e fazer de tudo sem esforço. Com proteções de privacidade revolucionárias, você tem a segurança de que ninguém vai acessar seus dados, nem mesmo a Apple.",
    "categoria": "Eletrônicos",
    "imagem": "https://www.apple.com/newsroom/images/2024/09/apple-debuts-iphone-16-pro-and-iphone-16-pro-max/article/Apple-iPhone-16-Pro-hero-geo-240909_inline.jpg.large.jpg",
    "createdAt": "2025-09-02T14:39:52.744Z",
    "updatedAt": "2025-09-02T16:35:19.893Z"
  },
  {
    "id": "1756830445879",
    "nome": "Iphone 14",
    "preco": 3699,
    "descricao": "O iPhone 14 chama atenção por oferecer uma experiência premium sem o preço dos modelos Pro. Entre seus diferenciais estão a tela Super Retina XDR OLED de 6,1 polegadas, que proporciona cores fortes e excelente nitidez, e a compatibilidade com redes 5G para uma conexão mais rápida.",
    "categoria": "Eletrônicos",
    "imagem": "https://m.media-amazon.com/images/I/618Bb+QzCmL.jpg",
    "createdAt": "2025-09-02T16:27:25.879Z",
    "updatedAt": "2025-09-02T16:35:10.317Z"
  },
  {
    "id": "1756831054413",
    "nome": "Box Willian Shakespeare",
    "preco": 51.35,
    "descricao": "As obras mais famosas do grande autor William Shakespeare adaptadas em prosa por Júlio Emílio Braz em uma linguagem acessível e envolvente que faz o leitor viajar ao passado e conhecer o grande bardo de Avon. O box é composto por: Macbeth, O mercador de Veneza, Otelo, Romeu e Julieta, Hamlet, Sonho de uma noite de verão e A megera domada.",
    "categoria": "Livros",
    "imagem": "https://m.media-amazon.com/images/I/41MooJRYu0L._SX342_SY445_.jpg",
    "createdAt": "2025-09-02T16:37:34.413Z",
    "updatedAt": "2025-09-02T16:37:34.413Z"
  },
  {
    "id": "1756831136493",
    "nome": "Box Sherlock Holmes",
    "preco": 74.95,
    "descricao": "Sherlock Holmes é o investigador mais famoso da literatura. Criação do autor e médico, Sir Arthur Conan Doyle, o personagem utiliza métodos científicos e lógica dedutiva em suas investigações e se tornou um ícone cultural britânico. Os contos de Conan Doyle foram adaptados para rádio e também cinema e se consagrou na cultura popular, influenciando outras obras e impactando o romance policial e as escritas de mistério. Conheça as aventuras de Holmes e seu amigo Dr. Watson com as obras: Um estudo em vermelho, O vale do medo, Aventuras de Sherlock Holmes, Mais aventuras de Sherlock Holmes, O cão dos Baskerville e O signo dos quatro.",
    "categoria": "Livros",
    "imagem": "https://m.media-amazon.com/images/I/61S0xbKo1eL._SY342_.jpg",
    "createdAt": "2025-09-02T16:38:56.493Z",
    "updatedAt": "2025-09-02T16:38:56.493Z"
  },
  {
    "id": "1756831209653",
    "nome": "Box Grimm",
    "preco": 44.88,
    "descricao": "Os maiores autores de Contos de Fadas reunidos em um box: Irmãos Grimm, Hans Christian Andersen e Charles Perrault. Os livros Contos de fadas dos Irmãos Grimm, Contos de fadas de Andersen volume I e II e Clássicos de todos os tempos apresentam elementos do folclore alemão, dinamarquês e francês.",
    "categoria": "Livros",
    "imagem": "https://m.media-amazon.com/images/I/612TGaKOmRL._SY342_.jpg",
    "createdAt": "2025-09-02T16:40:09.653Z",
    "updatedAt": "2025-09-02T16:40:09.653Z"
  },
  {
    "id": "1756831311878",
    "nome": "Kit 12 Utensílios De Cozinha",
    "preco": 22.3,
    "descricao": "Benefícios: Kit de 12 utensílios de cozinha em silicone com cabo de madeira, resistente ao calor e antiaderente\nCaracterísticas visuais: Conjunto de utensílios na cor preta com design redondo",
    "categoria": "Casa",
    "imagem": "https://m.media-amazon.com/images/I/51RDO+bHUiL._AC_SX679_.jpg",
    "createdAt": "2025-09-02T16:41:51.878Z",
    "updatedAt": "2025-09-02T16:41:51.878Z"
  },
  {
    "id": "1756831566662",
    "nome": "Kit 6 Porta Copos",
    "preco": 27.6,
    "descricao": "Protege contra marcas de xícaras quentes ou bebidas frias.\nFabricado em bambu natural: sustentável, durável e resistente a manchas e umidade.\nDimensões de 10x10 cm, ideal para copos, xícaras, canecas e até pequenos pratos.\nBorda bem-acabada para um visual sofisticado.",
    "categoria": "Casa",
    "imagem": "https://m.media-amazon.com/images/I/71i7JzVNJhL._AC_SX679_.jpg",
    "createdAt": "2025-09-02T16:46:06.662Z",
    "updatedAt": "2025-09-02T16:46:06.662Z"
  },
  {
    "id": "1756831640214",
    "nome": "Cadeira de escritório",
    "preco": 629.99,
    "descricao": "A cadeira de escritório ergonomicamente projetada envolve suavemente seu corpo e apoia seu pescoço e coluna. Enchimento de almofada duplo grosso com material natural não poluente, oferece conforto durante todo o dia.",
    "categoria": "Casa",
    "imagem": "https://m.media-amazon.com/images/I/71OgQUaaHaL._AC_SX679_.jpg",
    "createdAt": "2025-09-02T16:47:20.214Z",
    "updatedAt": "2025-09-02T16:47:20.214Z"
  }
]